Category,Tool Idea
Budgeting & Expense Tracking,Daily Expense Tracker
Budgeting & Expense Tracking,Weekly Expense Tracker
Budgeting & Expense Tracking,Monthly Expense Tracker
Budgeting & Expense Tracking,Yearly Expense Tracker
Budgeting & Expense Tracking,Zero-Based Budget Planner
Budgeting & Expense Tracking,Envelope Budget Allocator
Budgeting & Expense Tracking,Half-Payment Budget Method Calculator
Budgeting & Expense Tracking,Subscription Tracker
Budgeting & Expense Tracking,Bill Due Date Calendar
Budgeting & Expense Tracking,Rent vs Buy Calculator
Budgeting & Expense Tracking,Utility Cost Tracker
Budgeting & Expense Tracking,Hidden Fees Finder
Budgeting & Expense Tracking,Lifestyle Creep Checker
Budgeting & Expense Tracking,Spending by Category Analyzer
Budgeting & Expense Tracking,Grocery Spend History Analyzer
Budgeting & Expense Tracking,Price Comparison Tool
Budgeting & Expense Tracking,Budget Variance Analyzer
Budgeting & Expense Tracking,Overspending Alert Tool
Budgeting & Expense Tracking,Recurring Expense Identifier
Budgeting & Expense Tracking,Personal Budget Health Score
Debt & Loan Management,Debt Snowball Tracker
Debt & Loan Management,Debt Avalanche Tracker
Debt & Loan Management,Mortgage Payoff Calculator
Debt & Loan Management,Auto Loan Early Payoff Tool
Debt & Loan Management,Credit Card Interest Calculator
Debt & Loan Management,Loan Refinancing Savings Tool
Debt & Loan Management,Student Loan Repayment Planner
Debt & Loan Management,Debt-to-Income Ratio Calculator
Debt & Loan Management,Personal Loan Comparison Tool
Debt & Loan Management,Payday Loan Cost Calculator
Debt & Loan Management,Interest Savings from Extra Payments
Debt & Loan Management,Loan Payment Split Calculator
Debt & Loan Management,Credit Utilization Tracker
Debt & Loan Management,Debt-Free Date Calculator
Debt & Loan Management,Consolidation Loan Savings Tool
Debt & Loan Management,Minimum Payment Warning Tool
Debt & Loan Management,Adjustable Rate Loan Impact Calculator
Debt & Loan Management,Home Equity Loan Calculator
Debt & Loan Management,Line of Credit Tracker
Debt & Loan Management,Bi-Weekly Mortgage Payment Calculator
Savings & Investment,Emergency Fund Goal Tracker
Savings & Investment,Retirement Savings Growth Calculator
Savings & Investment,401(k) Employer Match Estimator
Savings & Investment,Compound Interest Calculator
Savings & Investment,Savings Rate Analyzer
Savings & Investment,Investment Return Forecast
Savings & Investment,FIRE Calculator
Savings & Investment,Inflation Impact Estimator
Savings & Investment,High-Yield Savings Account Interest Tracker
Savings & Investment,Dividend Income Tracker
Savings & Investment,Stock Portfolio Performance Analyzer
Savings & Investment,ETF Expense Ratio Cost Calculator
Savings & Investment,Dollar-Cost Averaging Calculator
Savings & Investment,Capital Gains Tax Estimator
Savings & Investment,Rebalancing Planner
Savings & Investment,Social Security Benefit Estimator
Savings & Investment,Rental Property ROI Calculator
Savings & Investment,Crypto Investment Tracker
Savings & Investment,Annuity Payout Calculator
Savings & Investment,Wealth Growth Projection Tool
Income & Work,Hourly Wage to Salary Converter
Income & Work,Side Hustle Profit Estimator
Income & Work,Freelance Project Pricing Calculator
Income & Work,Tax Withholding Estimator
Income & Work,Overtime Pay Calculator
Income & Work,Break-even Rate Calculator for Freelancers
Income & Work,Commute Cost Calculator
Income & Work,Work From Home Savings Estimator
Income & Work,Job Offer Comparison Tool
Income & Work,Pay Raise Impact Calculator
Income & Work,Gig Work Earnings Tracker
Income & Work,Shift Differential Pay Calculator
Income & Work,Salary Inflation Adjuster
Income & Work,Time Off Value Calculator
Income & Work,Bonus After Tax Calculator
Income & Work,Commission Tracker
Income & Work,Part-Time vs Full-Time Income Comparison
Income & Work,Side Gig ROI Calculator
Income & Work,Unpaid Work Value Estimator
Income & Work,Tips Income Tracker
Business & Side Hustles,Small Business Profit Calculator
Business & Side Hustles,Invoice Payment Tracker
Business & Side Hustles,Inventory Cost Tracker
Business & Side Hustles,Advertising ROI Calculator
Business & Side Hustles,Customer Acquisition Cost Calculator
Business & Side Hustles,Pricing Margin Calculator
Business & Side Hustles,Subscription Business Revenue Forecaster
Business & Side Hustles,Seasonal Sales Planner
Business & Side Hustles,Break-even Analysis Calculator
Business & Side Hustles,Cash Flow Forecaster
Business & Side Hustles,Expense Categorization Tool for Business
Business & Side Hustles,Payroll Cost Estimator
Business & Side Hustles,Business Loan Repayment Calculator
Business & Side Hustles,Inventory Turnover Calculator
Business & Side Hustles,Vendor Comparison Tool
Business & Side Hustles,E-commerce Fee Calculator
Business & Side Hustles,Marketing Budget Allocator
Business & Side Hustles,Wholesale Price Calculator
Business & Side Hustles,Franchise Cost Estimator
Business & Side Hustles,Event Profit Calculator
Lifestyle & Everyday Costs,Vacation Budget Planner
Lifestyle & Everyday Costs,Wedding Cost Estimator
Lifestyle & Everyday Costs,Moving Cost Calculator
Lifestyle & Everyday Costs,Pet Ownership Cost Calculator
Lifestyle & Everyday Costs,Childcare Cost Calculator
Lifestyle & Everyday Costs,School Supplies Budget Planner
Lifestyle & Everyday Costs,Fitness Membership Cost Tracker
Lifestyle & Everyday Costs,Meal Prep vs Takeout Cost Comparison
Lifestyle & Everyday Costs,Gadget Upgrade Cost Estimator
Lifestyle & Everyday Costs,Streaming Service Cost Analyzer
Lifestyle & Everyday Costs,Home Energy Savings Calculator
Lifestyle & Everyday Costs,Grocery List Price Estimator
Lifestyle & Everyday Costs,Car Maintenance Cost Tracker
Lifestyle & Everyday Costs,Holiday Gift Budget Planner
Lifestyle & Everyday Costs,Dining Out vs Cooking at Home Tool
Lifestyle & Everyday Costs,Fashion Purchase Tracker
Lifestyle & Everyday Costs,Coffee Shop Spending Calculator
Lifestyle & Everyday Costs,Subscription vs One-Time Purchase Cost Tool
Lifestyle & Everyday Costs,Public Transport vs Car Ownership Calculator
Lifestyle & Everyday Costs,Personal Luxury Impact Calculator
Specialized / Niche Tools,Financial Wellness Quiz
Specialized / Niche Tools,Budgeting Personality Test
Specialized / Niche Tools,Money Goal Vision Board Tool
Specialized / Niche Tools,Home Renovation ROI Calculator
Specialized / Niche Tools,Eco-Friendly Living Savings Tool
Specialized / Niche Tools,DIY Project Cost Estimator
Specialized / Niche Tools,Home Office Setup Cost Tool
Specialized / Niche Tools,First Apartment Budget Planner
Specialized / Niche Tools,Travel Rewards Maximizer
Specialized / Niche Tools,Minimalist Lifestyle Savings Estimator
Specialized / Niche Tools,Charity Donation Impact Calculator
Specialized / Niche Tools,Digital Minimalism Cost Savings Tool
Specialized / Niche Tools,Subscription Overlap Checker
Specialized / Niche Tools,Special Occasion Budget Planner
Specialized / Niche Tools,New Baby Financial Planner
Specialized / Niche Tools,Student Study Abroad Budget Tool
Specialized / Niche Tools,Seasonal Clothing Cost Estimator
Specialized / Niche Tools,Technology Depreciation Calculator
Specialized / Niche Tools,Luxury vs Generic Product Cost Tool
Specialized / Niche Tools,Financial Stress Risk Test
